{"stats":{"minecraft:dropped":{"minecraft:wooden_pickaxe":3,"minecraft:cooked_mutton":2,"minecraft:azure_bluet":1,"minecraft:white_wool":1},"minecraft:used":{"minecraft:cooked_mutton":3,"minecraft:stone_pickaxe":70,"minecraft:wooden_pickaxe":13,"minecraft:stone_axe":13,"minecraft:cobblestone":3,"minecraft:mutton":2,"minecraft:crafting_table":6,"minecraft:cooked_porkchop":1,"minecraft:furnace":1,"minecraft:porkchop":2,"minecraft:white_bed":2,"minecraft:potato":2},"minecraft:crafted":{"minecraft:oak_planks":40,"minecraft:cooked_porkchop":1,"minecraft:crafting_table":1,"minecraft:stick":12,"minecraft:wooden_pickaxe":1,"minecraft:stone_pickaxe":1,"minecraft:furnace":1,"minecraft:white_bed":1,"minecraft:stone_axe":1,"minecraft:air":0,"minecraft:cooked_mutton":5},"minecraft:mined":{"minecraft:white_bed":2,"minecraft:furnace":1,"minecraft:crafting_table":5,"minecraft:grass":2,"minecraft:coal_ore":27,"minecraft:oak_log":10,"minecraft:tall_grass":1,"minecraft:cobblestone":3,"minecraft:stone":37,"minecraft:oak_leaves":2},"minecraft:killed":{"minecraft:sheep":4,"minecraft:skeleton":2,"minecraft:zombie":1,"minecraft:pig":2,"minecraft:chicken":2},"minecraft:custom":{"minecraft:time_since_rest":1110,"minecraft:interact_with_furnace":3,"minecraft:sprint_one_cm":114669,"minecraft:damage_taken":260,"minecraft:walk_one_cm":45651,"minecraft:mob_kills":11,"minecraft:drop":6,"minecraft:damage_dealt":1120,"minecraft:swim_one_cm":82278,"minecraft:interact_with_crafting_table":6,"minecraft:fly_one_cm":45853,"minecraft:open_chest":2,"minecraft:crouch_one_cm":173,"minecraft:play_time":22570,"minecraft:sneak_time":347,"minecraft:walk_under_water_one_cm":2525,"minecraft:jump":276,"minecraft:walk_on_water_one_cm":7191,"minecraft:time_since_death":22570,"minecraft:sleep_in_bed":2,"minecraft:total_world_time":22570,"minecraft:fall_one_cm":3466},"minecraft:picked_up":{"minecraft:crafting_table":6,"minecraft:stick":2,"minecraft:feather":1,"minecraft:azure_bluet":2,"minecraft:chicken":2,"minecraft:wooden_pickaxe":2,"minecraft:porkchop":12,"minecraft:oak_log":10,"minecraft:white_bed":2,"minecraft:cooked_mutton":1,"minecraft:arrow":2,"minecraft:bone":3,"minecraft:rotten_flesh":1,"minecraft:wheat_seeds":1,"minecraft:iron_ingot":7,"minecraft:mutton":7,"minecraft:coal":27,"minecraft:white_wool":4,"minecraft:cobblestone":40,"minecraft:furnace":1}},"DataVersion":3120}