{"stats":{"minecraft:dropped":{"minecraft:wooden_pickaxe":2,"minecraft:azure_bluet":1},"minecraft:used":{"minecraft:stone_pickaxe":37,"minecraft:wooden_pickaxe":13,"minecraft:stone_axe":7,"minecraft:cobblestone":3,"minecraft:mutton":2,"minecraft:crafting_table":6,"minecraft:furnace":1,"minecraft:porkchop":2,"minecraft:white_bed":1},"minecraft:crafted":{"minecraft:oak_planks":40,"minecraft:crafting_table":1,"minecraft:stick":12,"minecraft:wooden_pickaxe":1,"minecraft:stone_pickaxe":1,"minecraft:furnace":1,"minecraft:white_bed":1,"minecraft:stone_axe":1},"minecraft:mined":{"minecraft:white_bed":1,"minecraft:crafting_table":4,"minecraft:grass":2,"minecraft:coal_ore":3,"minecraft:oak_log":10,"minecraft:cobblestone":2,"minecraft:stone":30,"minecraft:oak_leaves":2},"minecraft:killed":{"minecraft:sheep":4,"minecraft:skeleton":1,"minecraft:zombie":1,"minecraft:pig":2},"minecraft:custom":{"minecraft:time_since_rest":1820,"minecraft:interact_with_furnace":1,"minecraft:sprint_one_cm":52368,"minecraft:damage_taken":200,"minecraft:walk_one_cm":31367,"minecraft:mob_kills":8,"minecraft:drop":3,"minecraft:damage_dealt":930,"minecraft:interact_with_crafting_table":6,"minecraft:fly_one_cm":21793,"minecraft:crouch_one_cm":87,"minecraft:play_time":10570,"minecraft:sneak_time":19,"minecraft:jump":163,"minecraft:time_since_death":10570,"minecraft:sleep_in_bed":1,"minecraft:total_world_time":10570,"minecraft:fall_one_cm":1523},"minecraft:picked_up":{"minecraft:crafting_table":5,"minecraft:stick":2,"minecraft:azure_bluet":2,"minecraft:wooden_pickaxe":1,"minecraft:porkchop":3,"minecraft:oak_log":10,"minecraft:white_bed":1,"minecraft:arrow":2,"minecraft:bone":2,"minecraft:rotten_flesh":1,"minecraft:wheat_seeds":1,"minecraft:mutton":7,"minecraft:coal":3,"minecraft:white_wool":4,"minecraft:cobblestone":31}},"DataVersion":3120}