{"stats":{"minecraft:custom":{"minecraft:time_since_rest":6612,"minecraft:crouch_one_cm":36,"minecraft:play_time":6612,"minecraft:sprint_one_cm":31474,"minecraft:damage_taken":30,"minecraft:walk_one_cm":8768,"minecraft:sneak_time":27,"minecraft:walk_under_water_one_cm":488,"minecraft:mob_kills":9,"minecraft:drop":5,"minecraft:jump":318,"minecraft:damage_dealt":820,"minecraft:leave_game":1,"minecraft:time_since_death":6612,"minecraft:walk_on_water_one_cm":2276,"minecraft:total_world_time":6612,"minecraft:swim_one_cm":1531,"minecraft:fall_one_cm":12314,"minecraft:fly_one_cm":56630},"minecraft:used":{"minecraft:mutton":2,"minecraft:beef":1},"minecraft:picked_up":{"minecraft:brown_wool":1,"minecraft:leather":5,"minecraft:beef":9,"minecraft:gray_wool":1,"minecraft:mutton":6,"minecraft:white_wool":2},"minecraft:mined":{"minecraft:oak_leaves":4},"minecraft:dropped":{"minecraft:gray_wool":1,"minecraft:mutton":1,"minecraft:white_wool":2,"minecraft:brown_wool":1},"minecraft:killed":{"minecraft:sheep":4,"minecraft:cow":5}},"DataVersion":3120}