{"stats":{"minecraft:used":{"minecraft:cooked_mutton":1,"minecraft:wooden_axe":17,"minecraft:oak_planks":1,"minecraft:mutton":2,"minecraft:cobblestone":1,"minecraft:crafting_table":1},"minecraft:dropped":{"minecraft:iron_ingot":7,"minecraft:porkchop":9,"minecraft:wheat_seeds":1,"minecraft:cooked_mutton":1},"minecraft:crafted":{"minecraft:oak_planks":16,"minecraft:crafting_table":1,"minecraft:spruce_planks":8,"minecraft:stick":4,"minecraft:wooden_pickaxe":1,"minecraft:wooden_axe":1},"minecraft:mined":{"minecraft:spruce_log":2,"minecraft:crafting_table":1,"minecraft:grass":1,"minecraft:oak_log":4,"minecraft:tall_grass":1,"minecraft:oak_leaves":4},"minecraft:killed":{"minecraft:sheep":1,"minecraft:pig":4},"minecraft:custom":{"minecraft:time_since_rest":7918,"minecraft:sprint_one_cm":31973,"minecraft:damage_taken":150,"minecraft:walk_one_cm":3840,"minecraft:mob_kills":5,"minecraft:drop":4,"minecraft:damage_dealt":894,"minecraft:swim_one_cm":41735,"minecraft:interact_with_crafting_table":1,"minecraft:fly_one_cm":65893,"minecraft:player_kills":2,"minecraft:open_chest":4,"minecraft:crouch_one_cm":249,"minecraft:play_time":7918,"minecraft:sneak_time":690,"minecraft:walk_under_water_one_cm":4008,"minecraft:jump":244,"minecraft:leave_game":1,"minecraft:time_since_death":7918,"minecraft:walk_on_water_one_cm":3068,"minecraft:total_world_time":7918,"minecraft:fall_one_cm":6034},"minecraft:picked_up":{"minecraft:crafting_table":1,"minecraft:wooden_pickaxe":1,"minecraft:porkchop":9,"minecraft:oak_log":4,"minecraft:spruce_log":2,"minecraft:cooked_mutton":2,"minecraft:wheat_seeds":1,"minecraft:mutton":2,"minecraft:white_wool":1,"minecraft:cobblestone":1}},"DataVersion":3120}