{"stats":{"minecraft:killed":{"biomemakeover:dragonfly":2},"minecraft:custom":{"minecraft:jump":119,"minecraft:time_since_rest":2828,"minecraft:damage_dealt":100,"minecraft:crouch_one_cm":305,"minecraft:leave_game":4,"minecraft:play_time":2828,"minecraft:sprint_one_cm":10643,"minecraft:time_since_death":2828,"minecraft:walk_one_cm":2797,"minecraft:sneak_time":144,"minecraft:total_world_time":2828,"minecraft:mob_kills":1,"minecraft:fall_one_cm":2949,"minecraft:fly_one_cm":24373}},"DataVersion":3120}