{"stats":{"minecraft:used":{"minecraft:wooden_pickaxe":1},"minecraft:mined":{"minecraft:tall_grass":1,"minecraft:stone":1},"minecraft:killed_by":{"minecraft:player":2},"minecraft:custom":{"minecraft:open_chest":19,"minecraft:time_since_rest":1498,"minecraft:crouch_one_cm":158,"minecraft:play_time":6921,"minecraft:sprint_one_cm":14660,"minecraft:walk_one_cm":12710,"minecraft:damage_taken":527,"minecraft:deaths":2,"minecraft:sneak_time":113,"minecraft:walk_under_water_one_cm":6204,"minecraft:jump":108,"minecraft:damage_dealt":10,"minecraft:leave_game":1,"minecraft:walk_on_water_one_cm":2369,"minecraft:time_since_death":1385,"minecraft:total_world_time":6921,"minecraft:swim_one_cm":37582,"minecraft:fall_one_cm":3848,"minecraft:fly_one_cm":23421},"minecraft:picked_up":{"minecraft:cooked_mutton":2,"minecraft:wooden_pickaxe":1,"minecraft:white_wool":1,"minecraft:cobblestone":1}},"DataVersion":3120}